1, 0.660603515010635
0.014885154368430433, 0.030866274534091905, 0.03312388430345691, 0.03135960213779605, 0.03275865092939709, 0.01894525986746971, 0.03486594506933908, 0.036468282980856644, 0.0340062729622727, 0.035884142148054556, 0.02987267406886989, 0.024148165236330402, 0.03601181050084665, 0.021289848643269063, 0.03554398082848394, 0.03051580632134492, 0.025160509347956526, 0.035863344357969076, 0.03634732096290269, 0.022979363336679316, 0.02945407773649355, 0.024640926967162562, 0.021293190930818107, 0.03492046909285764, 0.0359529180869671, 0.03063235501115764, 0.025351361904431532, 0.03561809663938743, 0.023158934764253004, 0.035148496266458835
0.3066213909592864, 0.31613603861343337, 0.3150768965956067, 0.31615509695503086, 0.3146917598977632, 0.2513195940880669, 0.25542739351645205, 0.2553370491740711, 0.25619569456242236, 0.25510050182181054, 0.3283882874257073, 0.3677196423414941, 0.3591067936804921, 0.392938151926349, 0.358336890798895, 0.3328426149986187, 0.36796157024003506, 0.3589677552791318, 0.35943582468300167, 0.4141551899908424, 0.3290085174791479, 0.36709709897018167, 0.3937031907275291, 0.35916876473425896, 0.3591213130232608, 0.33336905455596255, 0.36854530922544637, 0.35986170696148595, 0.41503082622282705, 0.3603800572221311
1, 0.18992986366284817
0.00984441008380384, 0.016160275255061387, -0.004838349158708344, 0.016470121496671458, -0.005152215864937975, 0.011811475187928905, 0.018485277107520137, -0.0034077378469706157, 0.01776274223737256, -0.003292649452192633, 0.01574912592945734, 0.013265664222642085, -0.009275604626261865, 0.017183619782913048, -0.01051877640998503, 0.01614534811655812, 0.014068912365043599, 0.019315387017722875, 0.019898385307892865, -0.13686009658209936, 0.015457015262093062, 0.013691745863695584, 0.017202306706708203, -0.00999622721825817, -0.010263883013830858, 0.01621602120922755, 0.014047651842528201, 0.01948092691141658, -0.13672949930721987, 0.019030896267005576
0.034675649884407474, 0.03029173398129135, 0.03028635600150375, 0.03062580643075531, 0.030333822038855714, 0.029694601923368036, 0.02565676648540815, 0.0256457140711148, 0.025704360904204533, 0.025577904582745385, 0.03163784181583612, 0.03552666941338763, 0.035074143533213344, 0.05673897648192783, 0.035187881472471955, -0.009945426468269472, -0.006734510372701805, -0.017272326691766055, -0.017941024011301526, -0.44412945935915227, 0.031181409681191055, 0.03559647260539892, 0.056694267640259755, 0.03576969869181623, 0.0347170005267847, -0.009783357096528101, -0.006058592376434466, -0.017958366434200103, -0.44427655190887605, -0.01772954870081315
1, 0.13614368108872094
0.013346648825825685, -0.00038811008006688227, 0.007845810719067378, -0.0005533400340816551, 0.007902074135483241, 0.015490668045428212, 0.00084269824559368, 0.009371782703555303, 0.0015839761225254587, 0.009542617633122856, 0.014305091830306798, 0.013070113057949978, 0.0035603472362109867, -0.02933716042173782, 0.003986709422830417, 0.01661258399101257, 0.014996643564909153, -0.010420040320545951, -0.010811279965388365, -0.002449834239074745, 0.014289213567459132, 0.012788779041517926, -0.02918338413064036, 0.004032159770833531, 0.003955522872279057, 0.01662605894616905, 0.015023810991216819, -0.010519878088253568, -0.0024426099903498643, -0.010570640456014885
0.24894445004514537, 0.14737927554372282, 0.16629369615696252, 0.1535708105057865, 0.16639196840638248, 0.21781144478676306, 0.1356112694397653, 0.14513782633600092, 0.12722863962702072, 0.1451198277533427, -0.004594662686153334, 0.004527826582198823, -0.09786737913485095, -0.5310377602538331, -0.0967047054047162, 0.07909610042903818, 0.09923864866545234, 0.04239316488668333, 0.04445461224630473, -0.044782060300426335, -0.015360865851314968, 0.02091201052022005, -0.5339173046468717, -0.09957635468893919, -0.09818674207191826, 0.0784261388876686, 0.09916710359756131, 0.04203970914406977, -0.04533321188625037, 0.04277528492092246
1, 0.09773160458187313
0.00013747685700354559, 0.03121791759601166, 0.00015218659109870477, -0.03159532336801919, 8.038694210125383e-05, 0.00018198626618612886, -0.034425830734904586, 0.0002906040648168768, 0.03384843919945909, 0.0002865578605552753, -0.025574880114738293, 0.02252807425462699, 0.0004090089823094525, -3.373727687560371e-05, 0.002170681940121411, 0.00013244361547097818, 2.7486978232561267e-05, -2.703527099295325e-05, 0.00030674544346618487, -3.0785679370899974e-05, 0.025451395346427572, -0.022652269792267372, -0.0003351735939092677, 4.615231382566815e-05, -0.0018261793210727455, 0.00017776311569540882, 1.8400420287894355e-05, -0.0017393670330176933, -2.634558543581556e-05, 0.0018933391607917557
0.0025270446194367528, 0.47479462429582564, 0.0014837612190849731, -0.47389659107840837, 0.00029538286905552867, 0.0026701859675315005, -0.41838516572164824, 0.00020098237368590285, 0.42232895848316065, 0.0009848062081355897, -0.5836914590545494, 0.6345305299189471, 0.0012714308178961762, 0.008861888892224182, 0.03265315114554763, -0.0009783002655252553, 0.0006606618946914182, -0.003611635776629585, 0.0022808103230947093, -2.75006998606631e-05, 0.584128207547157, -0.6359235940943162, -0.0004284251808972185, -0.004254425820730518, -0.03347964314459182, 0.0010398360644911767, 0.00014545779085030166, -0.03603863429159973, 0.00011711976864976199, 0.036734426477625634
1, 0.08417332843472645
-0.00032522626044154536, 0.00094478514944318, 0.0003299424134169048, -0.0008057871899828232, 0.0008824399866541076, -0.00037696296564181683, -0.0010103211630876116, 0.0011119607382884084, 0.0011852020214988843, 0.00036218298584914544, -0.0008618468780311607, 0.0008373284756163019, 0.0631753072864112, -0.0001009928671136066, -0.06156413535300121, 3.339281665606578e-05, -0.00023318914214498946, -0.049383962321429664, 0.04997072703844266, -6.865827127261585e-05, 0.0007769381835823936, -0.0008342380586205756, -0.0001863418087791077, -0.060505684012469904, 0.06333630546929125, -0.00026475473001751965, 0.00010066309187792006, 0.048952488057469705, -5.6300738562251456e-05, -0.04781863504401761
-0.005930614315676093, 0.008335698663609625, -0.0014909874263083227, -0.006755406380443699, 0.0009500201599422816, -0.005438784484214856, -0.005429692879913369, 0.0006764353045925081, 0.0061054166534778255, -0.001872471902747971, -0.003286395095760431, 0.012375666409001874, 0.3945350667798813, -0.0031511607995204282, -0.38009782378283835, 0.003567068129151514, -0.002471132074396755, -0.4857574126854246, 0.4902643483847464, -0.0003440711677361367, 0.012896573780188532, -0.002742108288086413, -0.003785566827810575, -0.38973028707594976, 0.38630792131814384, -0.000931214313517768, 0.0032953147134753102, 0.49663133975950646, -4.9212548313728517e-05, -0.49247424917535604
1, 0.07851754901348372
-0.013008791853035545, 0.014630599769729066, 0.014415979393462485, 0.01439829121080893, 0.01443806846811991, -0.014430353678549578, 0.01579234948143681, 0.01526711081991254, 0.016232436006810163, 0.014873571833055666, 0.00536690568679514, 0.0047673962269466795, 0.016885750858622203, -0.0049239468580459436, 0.01877894370696211, 0.0008495296881662088, 0.00041212338724394624, 0.013825370463208177, 0.012099778287942129, -0.001030294734479251, 0.0055929483831976745, 0.004502054233925426, -0.00489995117317066, 0.018552226305973786, 0.016977172908273896, 0.0008569734551108543, 0.0005890553055019409, 0.011794515532037364, -0.001021823810844476, 0.01319034614072941
-0.3476183341543623, 0.07652188288984059, 0.01709458476923889, 0.0735221981447243, 0.015026274033332692, -0.30977195692306464, 0.0686419206987586, 0.017087185698592952, 0.06937174184320043, 0.015560289945562883, 0.2189726119532689, 0.23318734277585582, 0.179934881863425, -0.13336398765895763, 0.19422622502665815, 0.22585232689888582, 0.22631384746006555, 0.2797094664267757, 0.25681198783157355, -0.0279866750378362, 0.22404821197447022, 0.23320498097101366, -0.13345608652621252, 0.1966579762449106, 0.17546710582052044, 0.22725096603809228, 0.22686905387113115, 0.25687120705021266, -0.027696771742454676, 0.28437486780061083
1, 0.07395921008104578
-2.2058567023645195e-05, -7.925741434903776e-05, -0.051976689936260284, -0.00015270853722882739, 0.052499767618172356, 1.0294222733884591e-05, 8.511852162416661e-05, 0.05642337297141165, 0.00014500896972338413, -0.056940916968286306, 3.6450727570169366e-05, -4.7342948938233976e-05, 0.000976095215324946, 2.759995786988776e-07, -0.0009217689547236222, 0.032885608596791634, -0.029027756126817787, -0.000872332527546309, -0.0012857589720266357, -3.882445649701628e-05, 9.817381240390182e-05, -5.91858824819812e-05, 5.072188724231463e-06, 0.001282231738109047, -0.001430178616482724, -0.03312551315906421, 0.029332001856610272, 0.0008784600808896661, 4.5699986044297e-05, 0.0012199088833551655
0.0006326089028308959, 0.0002841520072148861, -0.34344521109430304, -9.007020248856344e-05, 0.34026673770848537, 0.0005117038285152547, -0.000868139377359108, 0.3026015460370946, -0.0009581753546565639, -0.30060599187360393, -0.001487208816155827, 0.0004640102989934563, 0.008666972694259032, -5.257019065040079e-05, -0.00932021864987498, 0.5423986392202614, -0.5886734348669782, -0.009833177259707775, -0.012879140937847085, -0.000885926920633508, -0.0010184340742071885, 0.00036797428937543786, 8.038648629130669e-05, 0.013063829523129273, -0.012843109381017147, -0.5397065094085282, 0.5830679880307665, 0.009693875030338571, 0.000714292392278658, 0.015220245766333918
2, 0.42052167295934173
0.017134602853379723, 0.03772148111997339, 0.04103784559065672, 0.03949323597222058, 0.03619858599445434, 0.012531178231457777, 0.03153222139107905, 0.03624873273893353, 0.032042307338223844, 0.02880282442335136, 0.020527150044646017, 0.030029549643531335, 0.041486230815261906, 0.025380453375975907, 0.02651425298960854, 0.02309739952246484, 0.031137315354490387, 0.03643608979325359, 0.040969047396897315, 0.026897948212083453, 0.020033246124395852, 0.03008928886875201, 0.02478693000454951, 0.03824760819777638, 0.04076332362800276, 0.018865074552009746, 0.030708257165549393, 0.04062371072731887, 0.028721756334973383, 0.03915279936344649
0.15773950481475044, 0.1612365118756973, 0.16386381342787526, 0.16479773544336757, 0.31887281282518437, 0.243051873449301, 0.25687876607997495, 0.27380919275014143, 0.26772641724860474, 0.29506441908154996, 0.3449978456094372, 0.2796167174781966, 0.3440079587374105, 0.3833627438167285, 0.3175994570083808, 0.3498686454201928, 0.28114726634728204, 0.3118697671506732, 0.3458686819050747, 0.45750824999369505, 0.326905234351978, 0.2556831196142985, 0.36600892487675346, 0.2780281747247454, 0.3340924698295224, 0.37471338540868343, 0.3898653341536561, 0.39119784383592426, 0.49014262221623683, 0.16501837914053605
2, 0.18610025274344077
0.010968642497052566, 0.024473716496916365, 0.0038565443942084917, 0.025975916329184102, 0.0012768612680402818, 0.008080758330740685, 0.02010582366413591, -0.00013350549677955973, 0.020670277977270453, -0.0035251417030306834, 0.012107785088190685, 0.01725099314296027, 8.139373529435773e-05, 0.02602725760647654, -0.0136786209974975, 0.012120437204967856, 0.016731619056614546, 0.02406221908595299, 0.029871798036762598, -0.12430163469173473, 0.0116436183579956, 0.017088150300299115, 0.025497607679344135, -0.004317851490078836, 0.0001942528814591451, 0.012250056707542206, 0.018162747156359845, 0.029319797962236736, -0.12354287614778761, 0.026804475359980155
0.02283733256572494, 0.021949240592755326, 0.021720612269133535, 0.022124616691953106, 0.04275895568873579, 0.03295906872634383, 0.03230188812517535, 0.03466001405238061, 0.03293996349470016, 0.034174111471385625, 0.04713316499316974, 0.03779227862143386, 0.04872581467283018, 0.08059717259272842, 0.04571271256026388, 0.0030249331028446946, -0.008248122245070646, -0.010764250296194535, -0.010206129301794313, -0.4534959833791667, 0.04665047746593105, 0.036825061012270094, 0.08030394101172983, 0.04762245896406873, 0.045971292388106336, 0.0023880247955290128, 0.009258494487057442, -0.004420747763374164, -0.45119312042822934, -0.008662607041095265
2, 0.12842363874375431
0.015118413824834762, 0.0063642371313550805, 0.01485652137206522, 0.006000235089606872, 0.015654855103312736, 0.011452907761757274, 0.0028176802134744594, 0.012356909053558369, 0.003070355231417303, 0.009972556106278514, 0.013638725075626393, 0.016833510385889403, 0.007733926922008526, -0.028356032542998424, 0.010997582591098124, 0.016771570993136305, 0.01914045807486607, -0.00519394113053543, -0.007660173759980616, -0.0040649792505278925, 0.013638705811680377, 0.016800810241637716, -0.02806108315752632, 0.009819865313150272, 0.006717820969340873, 0.013284582015532743, 0.018858210081534144, -0.006911525042305901, -0.00397636055098116, -0.005939595894025829
0.1663087308145131, 0.12172123050359253, 0.1279443653425692, 0.12600256457397355, 0.2574168437809118, 0.23690863273814233, 0.16746144069115468, 0.20554002733489737, 0.16478936093592894, 0.17293060350053555, 0.06994760450686004, 0.01666975935041326, -0.030512790065955763, -0.47595145373324593, -0.06562550098428664, 0.16931443390523898, 0.08856702637822238, 0.06741375699985132, 0.10521884492232622, -0.08923911337465722, 0.054978453758620094, 0.020716992084384, -0.48367532339506075, -0.07449740414005744, -0.044764302643554216, 0.13509901420241968, 0.22131398921122925, 0.1339252632749104, -0.07937906329980308, 0.04950669879746489
2, 0.08503044482391682
0.00019885997602420196, 0.038027967399075706, 0.00020301396347833137, -0.038396947512826816, -2.2454245853645217e-05, 0.00016027692805479726, -0.028074973567066307, 0.00012227968636788653, 0.0276099550615909, 0.0002486503840632165, -0.01625477784306817, 0.026694679075458257, -0.009304271487081383, -0.0004586464863554667, 0.00034725106797894634, 0.00010949629563281118, 0.00012599307809824063, 0.00778244438521826, -0.007622303210609778, -1.0855507785414633e-05, 0.01625856387788108, -0.026787885058248966, 0.00017517926751050235, 0.009436094235740428, -0.00019312701277591165, 0.00017954546184168802, -4.03635868644017e-06, -0.0002538459968023631, -9.863680888689322e-06, 0.0005267890799342371
0.001997113867527176, 0.2981569357550434, 0.0012815860735593276, -0.2976934092825049, -0.000671509310638723, 0.0036184527237309535, -0.48756984209168913, -0.00026263844655426334, 0.49326814209462827, 0.0031102436068754127, -0.7013023071156489, 0.5106798784101446, -0.13411046313664754, -0.004839267345017122, 0.0031627068306183913, -0.001352537244803064, 0.0018413518944829694, 0.16157247566732455, -0.1624918268446704, -1.0084299666453209e-05, 0.6992343277680807, -0.5105503012053065, 0.013462674443240487, 0.13224012880503383, -0.005537280057810023, 0.003451063912248789, -0.002134744445950442, -0.005458855693007325, -3.902137238392199e-05, 0.0018550379459080898
2, 0.07692611101523195
-0.009232370966739515, 0.011897120351547342, 0.002158930799908901, -0.003686821437931527, 0.011921141230900337, -0.006472176564679299, 0.000998362102894255, 0.00994578199789372, 0.006105287882536903, 0.005952094298603011, -0.0048854025598754755, 0.0019039497968479778, 0.06371741819193155, -0.0023790255135543157, -0.02890815713057127, 0.0008997709548273645, -0.003564340380374851, -0.0329358814036456, 0.04730718888528102, -0.00045814220536290445, 0.0025059551204289765, -0.0035247206293396163, -0.0014031993898384226, -0.04634501353266285, 0.058792561588440394, -0.005927691991897168, -0.002316761956143362, 0.047013120039478634, -0.000567485515240745, -0.04390525359461189
-0.0751391548184057, 0.03026878269111745, 0.030657166662254813, -0.04041567902372727, -0.11805960904331114, -0.1134510944535486, -0.029367283998932174, -0.13600186515950957, 0.019549289265191318, 0.13230136125114847, -0.00858589083580857, 0.08743939851299358, 0.4756992852688623, -0.05862514311131924, -0.40124322168161153, -0.10205428357709466, 0.17102447288206585, -0.4108239497312774, 0.5735004526029438, -0.0023491288916674172, 0.14153756911504367, 0.04195965612252827, -0.0413177834069407, -0.24551263205149762, 0.41625953727772946, 0.22512759921733472, -0.18849534261356501, 0.5988990222574561, -0.0068213003342357265, -0.18514004928466546
2, 0.07472669158093585
0.005437706243133513, 0.0009571078638010905, 0.06255965641337174, 0.00607606290353659, -0.05489925157289779, 0.0034483575474005736, -0.002467444987680895, -0.0516198507337234, -0.00364763162643747, 0.042839366043992945, 3.774757095179888e-05, 0.001895089882958587, -0.012756204639498678, 0.0003032054500639045, 0.004773734286547727, -0.027548951538791916, 0.03915724779135094, 0.006683024166966272, -0.014540830854859361, -0.00011870712932262044, -0.0024508490674657745, 0.003158805510095013, -6.0756219830718955e-05, 0.01775477908389307, -0.016545187572410313, 0.02583110476897712, -0.03131624612779028, -0.009051075050594659, 0.00018276696953408524, 0.016270135277417323
0.050233656765269454, 0.025752688858394268, 0.20958101894490816, 0.015725400451819627, -0.36113353622928795, 0.04578586969219931, -0.01857830175652393, -0.3601096445213168, -0.014272291685740086, 0.4314138082688532, -0.05114116821852854, 0.025240522846399324, 0.08420298243482469, 0.005339051001130837, -0.11082054741524523, -0.585300644119943, 0.3888705493958753, -0.1428611536265163, 0.00827281706611418, 0.001944014296031474, -0.03145915314597277, 0.02165758984826551, 0.008280637161751933, -0.02501107118212825, 0.016097226902340885, 0.6848658774521076, -0.6710906278765453, 0.07539066276625717, 0.0055884865211901, -0.03730784469530425
2, 0.06917171896367626
-0.013547765848698913, 0.014399411971954403, 0.0251228037121607, 0.021679212600884384, 0.0007949103773638156, -0.009269510112238189, 0.011895370044635258, 0.004444741093464936, 0.012083195449538385, 0.0148915435610859, 0.004905208557303233, 0.00616087612252438, -0.00436458481315228, -0.002581959201183366, 0.019811721170193513, -0.0036950485370679173, 0.007267331435423516, 0.022783282989765813, -0.004222656592373269, -0.0005617904770720806, 0.0010032093102717219, 0.006039428970414935, -0.003277007640233172, 0.03745602299630657, -0.001270878922941227, 0.0036825196211704345, -0.003791267335644766, -0.001667250680583609, -0.00042919439110338913, 0.03401739165351161
-0.23368119885576533, 0.008996076479538007, 0.03495470069967529, 0.05748671648021768, -0.03838378087859839, -0.33687720281520817, 0.07603457308362341, 0.015125421032246527, 0.07691148763038762, 0.0769497703838166, 0.2781254777797135, 0.15352127170798546, -0.04147721516854654, -0.06098417456505615, 0.42653463906827743, 0.1772479284990617, 0.21625882215906156, 0.4782620853997041, -0.032745956817802103, -0.021227852890060534, 0.18984133116967858, 0.15338004428234647, -0.07780830173961494, 0.2843747144035839, -0.01237885583159111, 0.41278512605205275, 0.19586191242989218, 0.0009160081920370599, -0.01406362288874536, 0.26374200022757777
3, 0.8138351128346437
0.017554360305191665, 0.03214818545041695, 0.03386240245474132, 0.03180054979577704, 0.03189156534244308, 0.017252033075915295, 0.0313582250721012, 0.032733758435088064, 0.029617748903446723, 0.03049960172406011, 0.029319999323095515, 0.031060977287099934, 0.033890968834767055, 0.01915690846363635, 0.02831303752079774, 0.029285768157414523, 0.031633877094730256, 0.033254938622832395, 0.03386758955705667, 0.01821907718140752, 0.026319133974352635, 0.029202695206005356, 0.019303838084311034, 0.032838007692333075, 0.03464467291657164, 0.028082044189942906, 0.03064014413997309, 0.034388066635742925, 0.020087151291246698, 0.03248599587598205
0.3050045844235176, 0.30914689701410675, 0.30953137247323026, 0.3433721795707251, 0.34199371341873297, 0.325779959297332, 0.3337339151018199, 0.3335326151772109, 0.3602738409538053, 0.35891402382856813, 0.36389446904327344, 0.34852623946961886, 0.366739677001507, 0.3837369411735391, 0.35913520057936377, 0.3603772589144904, 0.34698212971195036, 0.3569950569052165, 0.3595331854358111, 0.37169551388094474, 0.37149037824798425, 0.36146746368629395, 0.38552560614779846, 0.3626250580991808, 0.3761739336110866, 0.37981905467514737, 0.3705477553403764, 0.3810762032130959, 0.3236932202752822, 0.30695729940062916
3, 0.1668621878960312
0.010269272457738482, 0.013746581621523549, -0.008229457708816864, 0.013647335715827493, -0.010008473037431612, 0.009932878498502233, 0.013865285628625131, -0.008979211837703241, 0.012398739834410389, -0.01052313355200155, 0.013248429945858895, 0.013203864065905811, -0.013766563571149908, 0.01501562840638983, -0.01826761794058061, 0.012198105713311954, 0.01270693924416307, 0.014493221177630614, 0.015872046924902357, -0.11519715171942013, 0.011323404728560027, 0.012427258232266617, 0.01505459108993597, -0.014937157199941068, -0.013300349116282209, 0.013430528306718073, 0.014088539300980484, 0.016152660253763766, -0.140360317503042, 0.014264949015947295
0.03186386841652596, 0.024697003590234422, 0.024552658316618296, 0.027447209037216574, 0.02824722843593032, 0.03375321936040053, 0.02603515666250329, 0.025056195978871765, 0.026695697415898566, 0.02832198069430255, 0.02725906046045038, 0.02572364623437579, 0.025845758978573663, 0.04741780300754037, 0.028387727029334245, -0.013590937484523146, -0.014642176201910159, -0.024722284285691315, -0.02341569920778107, -0.43378868239114377, 0.0259082787456526, 0.026825812046337483, 0.04693851743667558, 0.02371641137239366, 0.03004179227734742, -0.018653915162251667, -0.0189683655946218, -0.03084247503541218, -0.3565274733322724, -0.040424029807440406
3, 0.1370681611256666
0.015100869603558342, -0.0014334992434892108, 0.0069624212704772785, -0.002216580028758092, 0.006986034523941007, 0.014302210550162515, -0.0023682903784723614, 0.006215048261134195, -0.0014570895573191131, 0.006336377268371305, 0.012043769644748044, 0.012836270190463855, 0.0007010635096462602, -0.02988834594438671, 0.004580589756961047, 0.01496098070342755, 0.015627449725388366, -0.011504702431656123, -0.01379732161515795, -0.0019367676174253062, 0.012708639229830954, 0.012524974682223302, -0.029612411363860593, 0.0027348794895654216, 1.6212149200920607e-05, 0.014378995594868786, 0.015084969219504278, -0.013300251306159154, -0.0023057295585559175, -0.01219871511948016
0.23266332171663343, 0.1249853809708963, 0.14754464356073974, 0.1430323863486562, 0.15520004557369982, 0.24969011524525359, 0.14112646073150487, 0.15092698382182274, 0.11843608302743742, 0.15253198238877003, -0.010930959810744934, -0.03108232314487452, -0.1165153781129299, -0.5350502888791548, -0.11608207422684802, 0.06902622458695212, 0.0647974908664568, 0.01868426357449306, 0.0223171466323789, -0.053720298458071636, -0.03647086531472739, -0.0029151058362684016, -0.5383875410748005, -0.12019467495174484, -0.11788892383615705, 0.06750816991500223, 0.06958393649140988, 0.019642793707640934, -0.042027713271531805, 0.01851672912957763
3, 0.10900479436323916
0.00012991903570078064, 0.034906868033559434, 0.0010542396281457201, -0.0332209766342762, 0.0011971832691062604, 0.0007489106943595999, -0.03227382710688088, -0.00043913049165636615, 0.02965757310982853, -0.0006117133085986035, -0.02585540419820732, 0.029306171372383987, -0.0015000284263719532, -0.0005417528412088004, -0.0001619115733188784, -0.0003916552676518109, 0.0008966114427561481, 0.0019091963121807636, -0.0017885797030736577, -6.7092920104569e-05, 0.024211395393856566, -0.02757654003301534, -0.0002516291166588642, 0.0019867239494453293, 0.0006880165895639508, -0.0005477892572532806, 0.0010234708622697615, 0.0005337643732821246, -8.029412585872135e-05, -0.0005369621346288069
0.010717092083973857, 0.42821838300585824, 0.016569867344469785, -0.4977828004785367, 0.021761509104477817, -0.002524451358055426, -0.49370315907377166, -0.016079833417932024, 0.5604976142504151, -0.021149103022314316, -0.5908520572693668, 0.5326911839409589, -0.031181479391362583, 0.005092383420518405, -0.010328459724144062, -0.018230364831868122, 0.01952170843546059, 0.030417870969002385, -0.02934131065075997, -0.0001389129916732387, 0.6704124247337678, -0.6137155480385393, 0.013577950095342291, 0.03206899060554528, 0.009945418217635001, -0.024585153364442155, 0.024835306504949656, 0.009875216454950451, -0.00021713376031827467, -0.006217563429708068
3, 0.08269081450482606
-0.014619389080266578, 0.01682903466197144, 0.013677678362134049, 0.014051332815892253, 0.01553670672337983, -0.01313250694302415, 0.014061974777641695, 0.016157974142226108, 0.013579481876728984, 0.011444622308955016, 0.006351444464773598, 0.008319266899800552, 0.03080888264454658, -0.005772301720317621, 0.00042463678718446566, 0.003201009411850505, 0.0016820810932328646, 0.0004032674155007475, 0.022559422520891787, -0.001327568632916396, 0.005394671254462087, 0.005628967962925883, -0.005641254971218212, 0.0027467461938117097, 0.03172127855237287, 0.0002300789983286587, 0.002958971413413292, 0.023906110696452664, -0.001786529533953839, -0.00047991082399030584
-0.30169685534780516, 0.07280225321585648, 0.0023847110822393055, 0.08628388509913455, 0.04719663733517039, -0.3310718404700968, 0.08497878338472523, 0.03896489800289554, 0.12187880800992833, 0.03911437765565418, 0.20793949142285556, 0.18722758393042915, 0.28236022020958995, -0.1490517316028135, 0.03178162916167407, 0.2212847001922613, 0.16580416303580414, 0.08792013981864685, 0.3662983473456277, -0.04125297185518559, 0.2522102884391089, 0.20175066738091, -0.14699017412690218, 0.05788859522614173, 0.2844148313818595, 0.20911919138909557, 0.2215163428276557, 0.40120762787869746, -0.031441458942877934, 0.07953438924530806
3, 0.07985940043820473
-0.0003685742145853265, 0.0015553255168009508, 0.05786693730310469, 0.0009557905893672788, -0.05479457393101614, 0.000120075418356983, -0.0010036288761821716, -0.052401960400213624, -0.0005601697083496279, 0.05069886328827452, -0.0007503888273312334, 0.0008703485704476481, 0.0061310535411779905, -0.0001086786743984338, -0.005097318551109904, -0.032958308115014844, 0.037643969992809376, -0.00433703168573509, 0.002393563741602781, -0.0001139692556146032, -0.00044054819472668413, 0.0004818905109283492, -9.609196162647025e-05, -0.002233581939212242, 0.0031049634698494216, 0.03134599359326783, -0.03615555677917551, 0.004828476889014273, 9.75379484314376e-05, -0.001994703315091941
-0.00346979374806342, 0.011961556783153061, 0.30432630256215926, 0.011413456816529631, -0.358790771422124, -0.014076481980865679, -0.0061757634294851435, -0.3515873861179893, -0.002800458170123019, 0.4083966304879309, -0.007735094253922574, 0.0213882044143008, 0.024630911267283978, -0.003907428077587279, -0.013470177601917314, -0.5321538127148122, 0.4925883078814886, -0.016490270167454378, -0.0037440173178497536, -0.002820211668246853, -0.0040295425267048955, 0.01904833302728936, -0.004055865269409153, 0.01215281961936005, -0.000957817813180524, 0.6312763715580262, -0.5678939854684295, 0.030144894171704784, 0.000795539045823008, 0.012341281992302264
3, 0.07870592366441694
-0.0042978881518884035, 0.004934108728916298, 0.004917414976259635, 0.006943936885380528, 0.0026111505607015074, -0.003812725485029251, 0.00519389565226826, 0.0037287693477084517, 0.005532650852160011, 0.002961324989697656, 0.004733998274876081, 0.004188210579818673, -0.055553785558547994, -0.0012289649699604326, 0.05159825540607001, 0.001144842935085839, 0.001681077559062751, 0.04797030586094867, -0.04271392074819386, -0.00032955194268328785, 0.0012689852586662755, 0.002429321235082795, -0.0017076296861428756, 0.06347435278983865, -0.05001318572710339, 0.0019514994866892583, 0.0017255834855237951, -0.04138867911279967, -0.0007656391170676319, 0.05190432743628351
-0.07667190922222827, 0.016783817548882713, 0.03956785864518946, 0.04892641014796919, -0.014268150542111821, -0.08487525912935599, 0.0283973846055748, 0.0016189040807637243, 0.04776148485845323, 0.04251103257621819, 0.06524961994211725, 0.052252329499451695, -0.35075428641479417, -0.018920057178437748, 0.4420454301934155, 0.020016133415744087, 0.08293668426343113, 0.5327459307944497, -0.4361608500993808, -0.012937629022969088, 0.04968038280691033, 0.04961699951627528, -0.02736630551910258, 0.38655745853765855, -0.31756382158294344, 0.13300733076234825, 0.042933798787174585, -0.41991278678567134, -0.006372304785332218, 0.4054690198909019
4, 0.5853278577114345
0.016628765700122106, 0.033173394471515266, 0.03375547581883907, 0.03130753146590157, 0.03144876490006009, 0.01641607564215424, 0.03114453316358836, 0.032396767911640166, 0.029722738002854143, 0.029738311902791352, 0.027494402049300284, 0.03118841044299794, 0.033546555822596386, 0.019676038593341973, 0.029933260871296684, 0.027344663034131394, 0.03005982894740626, 0.03421407868586723, 0.033233823843634235, 0.018934807044492203, 0.02596551846902327, 0.027844656381222695, 0.02008184849358822, 0.03320559013051608, 0.03054173595584262, 0.027869351778138794, 0.030943040699422292, 0.034795280218461636, 0.020919908089905674, 0.03309782864828131
0.2871506723795197, 0.3001245644712414, 0.30730250516969493, 0.29952991470137424, 0.30511283811035683, 0.28808292519641754, 0.29241340831547963, 0.35691861130015656, 0.35682739863283874, 0.3539571268440557, 0.33464468633930217, 0.3395122193197697, 0.33600261466212533, 0.374410505212911, 0.35419690096963546, 0.3740829142483826, 0.3458639712210931, 0.36520350483281855, 0.35854815890110625, 0.38194722114186425, 0.37373531097255014, 0.33808231178432574, 0.38271053408392514, 0.35240586570846066, 0.3694487555910426, 0.38289165502020694, 0.3553076834277988, 0.2982859260300384, 0.31902491881411477, 0.2944795182008984
4, 0.16194921031472423
0.009291068182852528, 0.01586442408982125, -0.007103070027777304, 0.013681634546079756, -0.009715349279668368, 0.009309856317965104, 0.014566006669914882, -0.007614133715316584, 0.014013817821791345, -0.010088658399477255, 0.012051679817164884, 0.013566530076073322, -0.012727726729995819, 0.017513880424710936, -0.015598130828550142, 0.011918082607391463, 0.012171607095281289, 0.01715296626966742, 0.01661388672539667, -0.10997741184552404, 0.011752314441314927, 0.011099271026463327, 0.017732977751860102, -0.012606196059280003, -0.015147605209986308, 0.012715030427961576, 0.01321066367096516, 0.018049696768267613, -0.1362610184817058, 0.016810214324871682
0.030793799309408884, 0.026760707201295388, 0.025159512397437286, 0.024786140458590934, 0.026989671777233236, 0.030828419460714896, 0.02379307103841249, 0.02737939202548835, 0.029608016146989123, 0.030092423866171232, 0.02681772555126566, 0.029309102247621694, 0.026039953052338215, 0.05448525621541064, 0.03317613124685975, -0.010143952582022952, -0.01264579033161105, -0.020405763410956273, -0.021969590006236456, -0.42652529983424814, 0.031366100479877035, 0.02707772415474726, 0.05481147585360674, 0.02804124782415378, 0.03356189020187509, -0.015574442117886268, -0.018471950133296642, -0.037064268619474934, -0.3450032878147495, -0.037313745919226184
4, 0.13230725808168112
0.014207130614871562, -0.0004538725196381407, 0.007951272950959338, -0.0007308900756085649, 0.008635086205178074, 0.01385516066173095, -0.0011696264472509875, 0.007160447017863028, -0.00028676081979867534, 0.008138474402406348, 0.012891847875111119, 0.0134897773632636, 0.002562397951828179, -0.02949167728590432, 0.004478351722154609, 0.015184971267322574, 0.01590850346081709, -0.010949230101573063, -0.011360560101846993, -0.002752002817271091, 0.01300390029905927, 0.013100264248956158, -0.029337779016415547, 0.0030654044628245125, 0.004439620838974603, 0.01497288619012393, 0.015522530256683433, -0.011784552641958086, -0.0034278174284727483, -0.011817941936291316
0.22643379205503703, 0.14490326194735717, 0.15162920427675816, 0.12842429763412724, 0.1519333817354276, 0.23061226265178814, 0.12618567378388648, 0.1657006532503317, 0.14758723023161477, 0.16619474140256676, -0.01722828559949797, -0.0011333763530776257, -0.10505151406180968, -0.5130079898223985, -0.09969498687966946, 0.08963301775420247, 0.0750173004225045, 0.035846300934112826, 0.03583482299168041, -0.07405585760034139, 0.00223896772062525, -0.00946770188052267, -0.5151863642886664, -0.1040680642884702, -0.099447605757496, 0.0883214863416122, 0.07398747341313464, 0.027221960233017574, -0.058212179870202586, 0.026771488942128663
4, 0.10193911438302443
0.0007675921328990041, -0.03438832007387072, -0.0005123574221665727, 0.03317893144583854, -0.00041975675365674825, 0.00014743444587345122, 0.03214353762874414, 0.0012937814531553044, -0.02876319153634255, 0.001210042234565115, 0.024961971994613513, -0.028062901538241414, 0.002372133190179544, 8.44433708390463e-05, 0.0006369583454519595, 0.0010256631449214665, -0.0004818399493762004, -0.0019835303496606046, 0.002145736853239243, -7.546366264959499e-05, -0.022730550949094493, 0.02679635557354099, -0.00021023191035502263, -0.001671194829096589, 4.9567132824615064e-05, 0.0009695657968692156, -0.000398907522437646, -0.00034408993505480437, -0.00010785322934906879, 0.0006055983933910804
0.009475581353836134, -0.4189290789079258, -0.012394564528970921, 0.46217254372966965, -0.011832840564650874, 0.023896595830439543, 0.4575525265489098, 0.03059433702161747, -0.5604639374341678, 0.029426646957665177, 0.5697515805337724, -0.5304462305828733, 0.029677827625346487, 0.009594102500294133, 0.0033209190240705063, 0.031541637601002204, -0.01987102664539279, -0.03263029273580357, 0.03807673417284512, -0.0013339228405714193, -0.6819650083254617, 0.5956983485642614, 0.0009349790267094018, -0.04253084677904678, -0.015092358816857351, 0.030290366945289006, -0.018859471290837364, -0.003570538436815888, -0.0010145836631444065, 0.0078046935840486945
4, 0.08019069463330379
-0.0012924050570551036, 0.0012554076798020543, -0.0548429829403992, 0.0011997612888927417, 0.05797577918317248, -0.001182642140172367, 0.001424123930017384, 0.05074273507936247, 0.0010778340194349653, -0.048843717436993075, 0.0005753029526245503, 0.00046398970163262173, -0.0001680558633824651, -0.0004812458180191312, 0.003321509157530295, 0.03170638806957974, -0.03790199535738507, 0.0025152597085228686, 0.00294920609111585, 1.572642599643142e-05, 0.0004176179262538553, 0.0004822805817417363, -0.0004500559995099507, -0.0010972734106852484, 0.00395640611637948, -0.03178134786483188, 0.03862889254474273, -0.0002916897876754325, -0.0003198044453822104, -0.0010936842887982426
-0.018515510047478218, 0.0037510667725072482, -0.3285204529632719, 0.003959638669943784, 0.32879008472488747, -0.0197518280416172, 0.0035093256631993307, 0.39944417075424415, 0.004573747488732199, -0.391548306597496, 0.01035923523801732, 0.010999039802383637, -0.005415081931179013, -0.008629716794211753, 0.02231869326150497, 0.5997669961302142, -0.5044114060629251, 0.03269077750813808, 0.04240511525413642, 0.000235287949316677, 0.013447876476552977, 0.01285161876662114, -0.008070147355107792, -0.010244387376055398, 0.030917412395088186, -0.5683769089338664, 0.5247405263693254, -0.0025283734274259527, -0.004030715275580622, -0.009118673643129273
4, 0.07907002418017806
-0.014242441300886506, 0.01581121197286341, 0.018272587031477217, 0.016406773522144445, 0.0108543593389766, -0.013396909167639602, 0.01584417489728542, 0.010579922203657235, 0.011963178745198783, 0.015297662177820184, 0.007310402237141085, 0.007382306879719248, 0.015495122208211235, -0.005122432783316153, 0.013821828718314007, -0.00047842602318204884, 0.004584840843945208, 0.012188090462681773, 0.010478188373775786, -0.001143195252859074, 0.004234010127128276, 0.007032595198640027, -0.004975309636408012, 0.017128632322929122, 0.014824859877181391, 0.003783745207677173, 0.0009085377748016525, 0.013156874933328743, -0.0017600108705748021, 0.012047858939550684
-0.31726904103551123, 0.060184533319164936, 0.07385439300829591, 0.09013997820069398, 0.004068279314835122, -0.3382194194034157, 0.08502952562029914, 0.027336575015298015, 0.10635334669402453, 0.08470924506143634, 0.21435490683080458, 0.17529545639669392, 0.1381473407425063, -0.12993889516103557, 0.17542187164794112, 0.18990082883614126, 0.2616769726038837, 0.2612598372310478, 0.23090291589595935, -0.0405504614328073, 0.23599277208635305, 0.21369915723049565, -0.12756339756251753, 0.1617822957420747, 0.1868710842817977, 0.3095016281161627, 0.18548747111610353, 0.2093556942160125, -0.02939902982434275, 0.20064515472451266
4, 0.07354342680535376
-0.00011410092687870292, 0.002752639130550953, 0.0009612730587585576, -0.002994666093759463, -9.013714942333081e-05, -0.0001026175727045548, 0.0010412121092166144, 0.00014557075237745578, -0.001281748463033621, 0.0008771559801991487, -0.002997760528168885, -0.0015703131100277658, 0.06414166965802036, -0.0006039543126875781, -0.04452181115535354, -0.0004837569503830041, 0.00023121293621689959, -0.04503029560268715, 0.045339722715536046, -3.5953747791881415e-05, 0.002643842829586489, 0.001395386874546557, 0.0005301681731669974, -0.06181086102650675, 0.04567073779855454, 0.00017600417997642694, -0.00038592740481209416, 0.0509539890486935, -4.769514887850175e-05, -0.04999093349126998
-0.0010405100898428518, 0.023440894737929343, 0.0034207493464249003, -0.025445733605670345, -0.0016664228143068, -0.0013542253346075562, 0.011427864446013167, -0.0021778373922662904, -0.014610101967124556, 0.0026045558871841826, -0.022943110135777427, -0.009171564722168908, 0.3593627186958087, -0.010211812756105703, -0.4019990090434141, -0.003928551149327782, 0.0026179329335526014, -0.5013063418223005, 0.5014769987865648, -0.00013759325690080096, 0.027360791294337203, 0.011758255532615967, 0.0076115094341891645, -0.36027893407453887, 0.4042752559995586, 0.004211191270985747, -0.003017501357430138, 0.3608633383056683, 0.00015439748173332182, -0.3594866037333128
5, 0.5175562600482122
0.016044541167949854, 0.033212212687586576, 0.035099898356770416, 0.033840093664846874, 0.02527949170378189, 0.014974200626229445, 0.030357791440009274, 0.031683869970332505, 0.02956772967268519, 0.030356468210666163, 0.025458133619234796, 0.030383130008222858, 0.03428300991381521, 0.02034893399554914, 0.027881290792064844, 0.0249831499253316, 0.031206780373810816, 0.03361647005644973, 0.03405658598431132, 0.01868921323869999, 0.025037406138710482, 0.03109588115848678, 0.02036838613307892, 0.033278471608288306, 0.028130407792113198, 0.026933243066737035, 0.031709395825864316, 0.03502106954921198, 0.021249392007293044, 0.034579374370970396
0.2660407348530677, 0.2881937720580411, 0.28874070245725614, 0.2884920573636046, 0.28323620363195073, 0.25012597876968695, 0.34487974740207106, 0.33206312985052355, 0.3458758979356868, 0.35445502433706794, 0.3750511328825902, 0.3387569849031716, 0.3526601325756543, 0.38871192795051407, 0.37401078044695607, 0.36890987018273597, 0.34383687271084956, 0.36074447958447714, 0.36157294298272635, 0.3709661021120187, 0.3750501462344213, 0.33847611163428876, 0.3889274304171962, 0.3527356924947811, 0.3742083904592813, 0.3955406168423517, 0.26714666886329697, 0.2825267171988702, 0.29756854168782626, 0.28295313218119006
5, 0.1565954701616824
0.007609872621081299, 0.014977199007730169, -0.0064586817435853035, 0.01560184056119499, -0.01314964063403058, 0.007450132259899908, 0.014281814916786225, -0.008635154636883321, 0.013384112132605326, -0.009013109134635308, 0.010647253464773387, 0.011495608308359013, -0.012141289367541388, 0.019211448519918187, -0.015852992886998617, 0.009640006790929577, 0.011817821302601894, 0.017029934719757577, 0.017648974511152205, -0.10492646649238724, 0.010234364688492988, 0.012298558945184527, 0.019206964831596902, -0.01284339444760708, -0.015787181859080998, 0.011570300160423758, 0.011943077424594349, 0.01833563608597446, -0.13450925484689652, 0.017983350310501165
0.025313551264966285, 0.022980617285944152, 0.02222159072319811, 0.02327656698435045, 0.023115703897321063, 0.023665519960207434, 0.025482287867723843, 0.020820165974243764, 0.025695080735201672, 0.029186688102345953, 0.032295009416895046, 0.029763018755838887, 0.030886599708373676, 0.06610295468754109, 0.037508222174547225, -0.013050992394131891, -0.01241873050577699, -0.020801927903488976, -0.021634429337354266, -0.4175319155192589, 0.03193358410231201, 0.029637755238900616, 0.06609283256491126, 0.03176412017390017, 0.03696533854791665, -0.01573019799581465, -0.030906769947645178, -0.03614903033959127, -0.32642585019851944, -0.035993056342948755
5, 0.12867006062464847
0.01418500170699464, 0.0020712148824064748, 0.010867854352284734, 0.0013205865990757308, 0.004390165632156353, 0.013728734931374066, 0.00014501767548809265, 0.007145357783399831, 0.0012740474746866818, 0.011840174047930656, 0.013447219136058267, 0.015200556154777632, 0.0038926993206470596, -0.028775931604550716, 0.004662283871113037, 0.014468742375774524, 0.018151491329356145, -0.009339811855035967, -0.009838196790515496, -0.004275806409129313, 0.013773925979781065, 0.014325524054366066, -0.028602497770838214, 0.004435724911020613, 0.0046912920357934625, 0.01665476312415097, 0.01590503395238685, -0.00965609982948568, -0.005801604988884324, -0.009806243012983903
0.2146410718675762, 0.13331629631765987, 0.1559580585678101, 0.14671809077661363, 0.1507591595812041, 0.2089612957049041, 0.16235970964370414, 0.16368652418708315, 0.14122839454067793, 0.18087793998864726, 0.028466311545000678, -0.005493263110966896, -0.08615625094942853, -0.49414318568630244, -0.08036781046760978, 0.09713927970176546, 0.08849959261377775, 0.04518438622455404, 0.04930390774959988, -0.09488623149534549, 0.004735120943251521, 0.018606417777678023, -0.49756311996083513, -0.09035056232375323, -0.08332881638852015, 0.11222687092868203, 0.054128623233563274, 0.034853228765240225, -0.07174632865272812, 0.03596979313964658
5, 0.10650454912735582
0.00029737331845307714, 0.03477653617996934, 0.00024125489914054337, -0.03513846924887546, 9.69248347491687e-05, 0.00031307453603926613, -0.0295725331267003, 0.0002875728375366508, 0.029093211585094217, 0.0003924598877430585, -0.02347496379437401, 0.029716648039769113, -0.002724064629350072, -0.0007147613009671088, -0.0004785703928841417, 0.00027292946106196675, 0.0002168379448424853, 0.003141927041671304, -0.0030726675104926267, -6.210547645013246e-05, 0.02365165930366379, -0.029609413075754796, -0.00012402493939776737, 0.003095577649075396, 0.0008785298063640434, 0.0003396599692176689, 0.00014304611681228836, 0.0012390031463953377, -8.931127562612929e-05, -0.0012078271441697366
-5.684233510362788e-05, 0.4361386684737137, 0.00023055677126827064, -0.4369043804753788, -0.0006344276172802305, 0.0005865968251934063, -0.5475395285343817, -0.0004588840324387204, 0.5522813963762194, 0.0008930217686429955, -0.6466356716444602, 0.5446095567618173, -0.05328469195409623, -0.0008263649679668895, -0.021708262159777506, -0.00010260873527038374, 0.0009753485776659772, 0.051016832398714955, -0.050108136162545454, -0.0004475464214362026, 0.6485325040390346, -0.5429525730648258, 0.016809671836809533, 0.05463955824891108, 0.023440031506231772, 0.0015476044165983194, -3.460765604117902e-05, 0.013050913627656084, -0.0003272775855740462, -0.011985467880221494
5, 0.07746441276148025
-0.014025966853413133, 0.015879851450798954, 0.01876839567554324, 0.015720187640115662, 0.008700716594107436, -0.013551363576736442, 0.012059934092636554, 0.007645341155771339, 0.012273262778214025, 0.014123059054004948, 0.00465495708381316, 0.007083894186860907, 0.015907141077462394, -0.004462244662957273, 0.012079321169392828, -0.001931567275968785, 0.005196431165030629, 0.010000305861984329, 0.010872985048990388, -0.0010019517952990693, 0.0047908844594601345, 0.006914052785876104, -0.004412732028381732, 0.014266141735364418, 0.013250115964366673, 0.003440945001743252, 1.4234017005446824e-05, 0.01277481918121327, -0.001594037260648727, 0.011390297733088004
-0.3185541131636246, 0.08020717462217852, 0.12760442730766636, 0.07531151209665758, -0.08853792305839663, -0.33634849778993037, 0.10501429142743675, -0.09212298135473532, 0.10811558846528765, 0.14671431228062978, 0.23190044116890818, 0.19107012322910444, 0.15993374806468738, -0.11669711066329226, 0.17367409645492315, 0.009670197030530165, 0.356276998577107, 0.20708082748521764, 0.22135005160100088, -0.03524057149288404, 0.23960226472342433, 0.18955920319461386, -0.11687783021963902, 0.1480354313607117, 0.18490479791024647, 0.4136754209297661, 0.054779675058988335, 0.18527658630419733, -0.02375835133467654, 0.17706973251320401
5, 0.07423214862893358
-0.0035225328122701683, 0.008124904636237064, -0.052661917247743016, 0.007709694609377408, 0.046672547681423836, -0.003988416121779847, 0.0034579283902321577, 0.05196267649768441, 0.003483914469039081, -0.03973041591162016, 0.0013961009637160277, 0.004151340675744838, 0.005085150704923299, -0.0013870923875148944, 0.002548628698477948, 0.027711398292223386, -0.03529248418540193, 0.003658724829381019, 0.007544716440865321, -0.0001786611620562078, 0.001770947084991131, 0.004229206679046634, -0.0013024504503169594, -0.0007840692605228966, 0.006413608262727253, -0.027987092264689126, 0.041842323255353094, 0.005696481005657484, -0.000979386679267589, 0.001049123169872003
-0.008357517790647265, 0.02197888103770903, -0.3275088524447126, 0.0184296313857118, 0.3560534915411568, -0.01893943213946261, 0.0034448092637105426, 0.3690625922567111, 0.0018872437135244334, -0.38086883261172244, 0.019401569009387547, 0.05116698466253561, 0.03390084871304401, -0.019259789231204777, 0.023483717794948872, 0.6326703010354178, -0.5234043534293521, 0.030730937269870525, 0.07866024856777355, -0.004637776840733822, 0.02342423041027385, 0.052336784563679184, -0.01813562491567032, 0.0017296006391994733, 0.06088813031576268, -0.5873181807589289, 0.3694678517417152, 0.042009266139542305, -0.004814989747014489, 0.011578371584202015
5, 0.07260033445599644
-0.0003530233074883864, -0.0024277787532403397, -0.0024097787266794224, 0.004230196914781751, 0.0019655962356967555, -0.0003493329642908263, -0.0005510299887002513, 0.002008484927817814, 0.0017435797023670594, -0.0018747926302769978, 0.003604811055020621, 0.002102722498317984, -0.0638679954601709, 0.000518811695964272, 0.043000574539171756, 0.0014056242945106406, -0.001408135218983622, 0.04506760633829157, -0.04432585824561165, 7.2520765426115224e-06, -0.0029316691552415198, -0.0012674885658685974, -0.0007527222786269767, 0.06257225296473853, -0.043048780269237696, -0.0011195521021378572, 0.0019447775107275867, -0.05075620043767595, -2.5886431535856293e-05, 0.05078152146757643
-0.0038374243645054023, -0.026565491779966813, -0.013208424386849075, 0.030328002900033738, 0.015445527237598412, -0.004358392234994341, -0.012541063176758844, 0.01595389376921538, 0.016935391690637527, -0.01396843068263202, 0.030814978691703347, 0.013452215464991538, -0.3530147548433029, 0.008795797928913229, 0.40963315781869136, 0.031151053533599354, -0.015717869958844125, 0.5117560425249674, -0.4973806033224117, -0.0006810901792007403, -0.027142480850702148, -0.006561464666894687, -0.010922846474631594, 0.36049064422939164, -0.40278156700288376, -0.01863185281434813, 0.018903971517059574, -0.33943091806400727, -0.0007505901722414482, 0.34907987912517385
